{
  "status": "MONITORING",
  "circuitBreaker": {
    "isTriggered": false,
    "reason": "",
    "timestamp": 1777307059780,
    "dailyLoss": 0.08722047631206284,
    "consecutiveLosses": 0
  },
  "dailyPnL": 0.14572463999999946,
  "isRunning": false,
  "lastTradeTime": 1777307062746
}