{
  "status": "MONITORING",
  "circuitBreaker": {
    "isTriggered": false,
    "reason": "",
    "timestamp": 1777021247928,
    "dailyLoss": 0.041733028690355584,
    "consecutiveLosses": 0
  },
  "dailyPnL": -0.06839999999999441,
  "isRunning": false,
  "lastTradeTime": 1777021243921
}