{
  "status": "MONITORING",
  "circuitBreaker": {
    "isTriggered": false,
    "reason": "",
    "timestamp": 1777197394188,
    "dailyLoss": 0.02412725947630194,
    "consecutiveLosses": 1
  },
  "dailyPnL": -0.03919999999999618,
  "isRunning": false,
  "lastTradeTime": 1777197394188
}