{
  "status": "MONITORING",
  "circuitBreaker": {
    "isTriggered": false,
    "reason": "",
    "timestamp": 1777215240030,
    "dailyLoss": 0.12864156938286414,
    "consecutiveLosses": 0
  },
  "dailyPnL": 0.20916000000000076,
  "isRunning": false,
  "lastTradeTime": 1777214948630
}