{
  "status": "MONITORING",
  "circuitBreaker": {
    "isTriggered": false,
    "reason": "",
    "timestamp": 1777269248780,
    "dailyLoss": 0.2272485368690332,
    "consecutiveLosses": 2
  },
  "dailyPnL": -0.3802499999999958,
  "isRunning": false,
  "lastTradeTime": 1777269248780
}