{
  "status": "MONITORING",
  "circuitBreaker": {
    "isTriggered": false,
    "reason": "",
    "timestamp": 1777018939541,
    "dailyLoss": 0.18505015468912636,
    "consecutiveLosses": 0
  },
  "dailyPnL": 0.30350000000000193,
  "isRunning": false,
  "lastTradeTime": 1777018921255
}